urgency,category,total,follow_up_yes,follow_up_no,follow_up_yes_pct,follow_up_no_pct
True,External,236,200,36,84.7457627118644,15.254237288135593
True,Internal,85,71,14,83.52941176470588,16.470588235294116
False,External,1301,943,358,72.48270561106841,27.51729438893159
False,Internal,418,291,127,69.61722488038278,30.38277511961722
