urgency,category,total,follow_up_yes,follow_up_no,follow_up_yes_pct,follow_up_no_pct
True,External,263,223,40,84.79087452471484,15.209125475285171
True,Internal,58,48,10,82.75862068965517,17.24137931034483
False,External,1424,1032,392,72.47191011235955,27.52808988764045
False,Internal,295,205,90,69.49152542372882,30.508474576271187
