Urgency,Follow_up_Required,Category,Count,Percentage
True,yes,External,100,4.990019960079841
True,yes,Internal,53,2.6447105788423153
True,no,External,18,0.8982035928143712
True,no,Internal,10,0.499001996007984
False,yes,External,1117,55.73852295409182
False,yes,Internal,197,9.830339321357286
False,no,External,423,21.107784431137723
False,no,Internal,86,4.291417165668663
